player_name,Shooting,Playmaking,Perimeter_Defense,Interior_Defense,Rebounding,Scoring,Efficiency,Impact
Scoot Henderson,63.77708962491509,57.113823264132144,61.60400080079454,54.458687098543926,38.12175382604342,59.81945637358025,76.22596774193548,58.18673612660358
Tyrese Haliburton,77.61180435323179,91.52478966440432,67.78084150428785,62.11894949355009,36.03166818730125,74.8933840075996,85.63255620723359,78.21073134433973
Peyton Watson,56.47491526502754,43.07841198973027,55.426389880393494,76.38365243476946,45.2428051395831,48.74649272968145,77.58246334310851,61.14838771300398
Grant Williams,66.41691466213572,44.46471742778236,60.64555305982306,63.93000258557517,49.231486348417334,53.474864964527924,79.449027370479,64.57918990390758
Oso Ighodaro,39.10879304972015,47.52926919198764,58.66607213084282,66.35838974631702,51.284481543933225,42.19681860528259,76.33268328445747,59.63639664269848
Precious Achiuwa,47.514118570154025,39.92577659123441,55.012298252044474,65.68162414588434,69.56741679744616,49.907705580909514,76.52009705348414,61.48058608924133
Quentin Grimes,71.21048181434529,51.550364975011036,58.25923408989041,56.74728759778062,37.01448212907782,56.961911688957315,77.81154838709679,63.31346825028511
Quenton Jackson,53.694249110418326,61.565535763351036,62.543779264734866,58.887063057351526,41.00228750451113,50.68610441085,79.52638929618769,60.166497679896146
Quinten Post,68.73147134384604,47.5616791590124,55.77245847702022,65.01513399196746,52.74190198715378,51.583588003696526,79.81563782991202,61.429674521865245
RJ Barrett,64.69469397263964,56.92572942993877,50.13242472774917,54.40908205066491,49.0692361848633,76.78304761464462,79.1336217008798,65.31061167544487
Rasheer Fleming,50.762072125307775,39.621495757605196,53.63759155500226,59.93512065812696,44.408323249001405,41.92396321854824,74.45797653958944,52.41334139726259
RayJ Dennis,57.20628970840489,58.679329298945206,57.181815649015334,61.85378694280324,41.90043709265458,44.96856858452585,75.34063049853373,55.265489569453706
Rayan Rupert,54.14836069284971,43.62163170333349,53.15313308962911,55.65946852079679,41.783303905809454,39.19589510127825,69.30105571847508,53.6746129793029
Reed Sheppard,70.81021282899295,56.92328728857956,73.12172520331956,63.32502693936706,38.09833805155646,53.78390691041622,77.78395894428152,63.5130618818103
Riley Minix,48.83769110097013,,54.98918090085495,58.895683208101154,43.922851046882144,44.51877929783565,60.998790322580646,59.040862143648326
Jalen Suggs,64.87024026906252,61.876715574679245,76.47600044268786,64.2020081757431,40.095511730262956,61.94324503260841,78.95131671554252,63.78436648347001
Jalen Williams,59.40280514532278,68.44176063958153,68.28552547478878,65.62823986293469,46.37680237925257,72.97483286934462,84.24676686217009,72.72110479781851
Rob Dillingham,54.28792102593446,63.21884577722461,60.93987558577136,55.265023498805434,35.642816358146256,44.54735661467248,70.42995601173021,54.048697588104154
Ron Harper Jr.,48.33224382808933,,49.045053311467065,59.953905037197075,48.16741627086667,42.20724226697499,63.66400659824047,54.981103389362616
Royce O'Neale,71.12601608341855,54.39037161878572,60.93843360801306,60.29124500701807,50.330687260749556,47.06185059365934,77.02535853931016,66.89910743025337
Rui Hachimura,63.1962802466879,39.079704055328186,50.40106460114766,55.55726119103774,46.03401715449306,60.50618891140191,80.61804147465439,63.57984526771688
Al Horford,67.52414818732798,56.36889911991169,57.071856502332565,72.43583178028979,60.778255701854064,51.55511997346205,80.90382893450635,71.7537060215623
Alex Caruso,61.6077049833852,60.20988134181022,83.37361023035398,66.0603783874605,38.89775866221392,46.23785416150981,78.76119403714564,67.8255319930652
Payton Pritchard,74.44089929343662,62.44003221173241,53.25048857969149,52.88430839688032,39.36260497902305,56.761683946235,81.96964076246334,67.14005644051844
Pelle Larsson,59.041844151368736,57.844089455157985,57.57794015959561,56.850653347027,37.13832409765811,48.62898169843668,76.71473607038124,60.36658000227412
Amir Coffey,59.87531374456195,44.85737807279402,48.87802835486871,53.997076121628076,31.26599678993352,45.61184295796211,79.13712903225806,60.14059205958693
Andre Drummond,40.431034268318,40.57236621693747,67.82194788161968,69.64853495896898,100.0,54.80880799074278,81.2686601033375,64.52838230085092
Andre Jackson Jr.,53.76030511959371,52.27939861634457,57.93384369179485,58.80979197446299,45.42495533102945,37.91325295045387,73.61454545454546,56.76103096711034
Andrew Nembhard,59.25029885446334,72.36544972302596,60.82277541282433,53.58306160783854,30.879219302553466,56.852564079690325,79.17397360703812,62.42501065263231
Andrew Wiggins,68.2360813361881,48.48913679860503,59.31244768097666,65.46115399767234,46.369353576463126,69.57617067469201,78.80416073174139,66.99550566128224
Anfernee Simons,80.59977970886152,62.473994002271425,49.00759765327005,51.580635051803284,30.968453816319453,71.29797126761935,82.0199569892473,64.96109132120598
Anthony Black,56.67148298067542,53.44013009150254,66.18556619424966,62.99769887155196,37.775421344448546,52.51676397243495,75.99236070381232,62.118407664988275
Anthony Davis,49.34140286827401,54.751050873654535,65.93050210388466,86.26617320281116,87.60194072765415,88.34772319638753,86.67958630079599,76.24107722848144
Anthony Gill,56.79967337049818,39.790295043945434,47.24772110052323,58.14557121983549,45.38278075165661,43.45050067623443,84.77091691104593,55.667816794415245
Antonio Reeves,68.34261801779357,43.69790455714567,52.647141686891686,54.68470152523682,36.42420122030861,48.669827302578796,72.99373167155426,57.16947829941729
Asa Newell,66.39664933004286,42.02903350783209,55.86187593394473,60.08587139916174,44.6162401348808,48.53011280205408,86.55762463343109,58.143860252410654
Ausar Thompson,46.86711741253715,52.07946412171724,76.35352688874065,67.96926589148217,61.59155244021213,55.47393019615489,77.59463343108503,65.46926225134088
Austin Reaves,68.69123867670135,66.51718428298685,55.600541827782806,55.28295909666501,40.363542427235316,72.00655170351057,85.28589149560118,71.23628372678577
Ayo Dosunmu,62.655513862403375,58.962982958272306,56.886145740441506,57.979093403331596,33.58699065236276,56.62823772885319,81.3337624633431,64.81140521143718
Bam Adebayo,48.035434820888185,57.781990830327985,65.88629998646539,66.41394464668396,78.39374487385386,76.63650804020924,84.53739002932551,75.2189130383656
Baylor Scheierman,64.3854124221346,47.8168464343992,58.51811263107358,57.47307741415992,43.56667204658585,42.89276854362613,81.75428885630498,59.0270774172478
Ben Saraf,56.090887879465335,59.05990772918919,57.95750241359134,58.62338131361939,40.98965349557412,46.41598301994083,72.59730205278592,54.470906501124674
Ben Sheppard,59.403992588060845,49.4042067651529,56.02979486494988,54.230358777769695,41.05421138229571,42.83075198995776,75.89297653958943,59.246205937327865
Bennedict Mathurin,66.20573213655632,43.92979154210683,51.76451281288115,53.38274137261598,47.27925430917839,72.29997435902351,80.66043255131964,61.61483009938971
Bilal Coulibaly,55.62320690133451,51.15523827016986,65.34839686101185,65.70644518721426,44.93498962734786,51.70402528478803,74.94195992179864,59.45890455989466
Bismack Biyombo,37.14189045814018,40.940371808347756,51.727112171440204,75.480460470095,64.46322890676834,41.0386176978206,76.33666980868594,59.2292072125779
Blake Wesley,49.58322388806666,64.42436920173672,68.82345185009578,55.939484135263484,34.91613637383696,43.1560806216787,71.41704545454546,55.61730237335935
Bobby Portis,65.86313813977738,42.99340554509166,53.29336047276988,58.078531967630624,79.93845695638936,64.18171319799691,81.40223704789834,65.862356031823
Bobi Klintman,57.39945468498884,50.42653166242614,54.79875360577933,58.11730683794181,45.86897202277741,42.21460982782001,67.02525659824047,54.796520490474315
Bones Hyland,71.40254045281739,61.78863449275272,61.53292484675214,56.97703286432651,34.709379475622825,55.03819657775804,79.9683111762789,59.1408151921768
Bradley Beal,65.15295085562698,64.37127622942323,57.418211245235,56.647814882792595,37.313844685725485,78.51926682216326,81.30834164222875,65.16005560997742
Branden Carlson,60.659282521833966,47.79612269318637,50.7450508290086,73.74441539904416,46.79791751248509,47.23334597461315,80.68187683284458,59.432717361180835
Brandin Podziemski,65.7199522974006,60.34609062916186,64.22388852578838,55.816442578005294,52.35236143349787,55.88055631335879,77.7304007820137,66.79123929625302
Brandon Ingram,63.52364066141019,68.57564303871446,53.65396751104554,59.55978360890016,47.81544749180915,84.07530203746201,82.92903616813295,67.87238934846103
Brandon Miller,74.63886079282943,53.32263084113096,57.71401804890799,64.14913339047779,39.61598008560516,72.13405851897252,78.7804007820137,61.68990881826201
Brandon Williams,54.79183242482572,63.144449947612216,61.90550414367429,56.4298591443592,36.68196181092466,55.880828064272386,76.49925586510264,57.356826504808474
Brice Sensabaugh,69.89036084368992,46.55981986517435,54.39482111569331,54.500275982248716,43.57413732846499,55.47854091140873,79.6811681329423,57.53012113871797
Bronny James,52.83600518748095,54.06642410545143,59.914098051143874,57.683188502893344,36.86596534919389,40.4582099662749,72.28065982404692,53.08275253819322
Brook Lopez,65.98204055236573,38.357981331046815,50.54287323080871,85.34117261442704,50.1780544599368,59.256747344154185,81.9226871945259,67.9626750980698
Brooks Barnhizer,55.13897769863705,49.91747183784257,54.2257264875052,60.799584096690516,46.82507040645469,41.53566918802021,76.23768328445749,58.12003786519866
Bruce Brown,53.98422965859059,52.15942261420996,62.392880100496846,59.001836104040805,49.0029548812049,51.977303208598606,78.84402492668619,61.94417333495265
Bub Carrington,64.63635531117013,65.47995152253726,50.960715800692824,53.52317463050658,41.31785999505814,47.46991282588525,73.5793181818182,56.37048516844199
Buddy Hield,81.24822721609,52.196916877040415,59.78487328643553,56.331720577358425,41.09518853560341,61.63086810727164,80.24052460084715,64.51864643551286
CJ McCollum,80.5816799665522,67.24975712616006,55.897011673721885,56.889951324837,38.06100224014359,78.99552639616809,80.7425946096914,68.12991135105231
Caleb Love,60.53826027919088,54.611641407874934,53.326746802707845,53.341672031756204,45.706608544973435,51.767072695521335,71.55543988269795,55.3267200852402
Caleb Martin,55.95713916387622,46.020558305991266,61.35365724430119,59.85979108577702,45.101122304486644,46.901944248873974,74.8464662756598,61.28841982505135
Cam Christie,52.54038479938974,46.291908372883256,58.118191085889094,59.25063143527572,44.60331444929574,43.37911817000207,67.99111436950146,55.00691980243246
Cam Spencer,71.36507057792605,65.16378322546657,57.51965239696747,55.47995325350041,37.600140635109256,53.57586068887885,85.24788123167156,62.14791203139247
Cam Thomas,66.80308454399858,51.94807756612522,49.54196192162311,51.64489095227386,31.467128396260403,76.60267701200114,81.05046920821114,60.768561247461186
Cam Whitmore,64.79135746334876,39.59181089788622,57.495159347507354,59.81834497598612,47.793634511681525,60.6758364375045,78.7526686217009,59.68832737329841
Cameron Johnson,75.09964504175353,49.00020366358733,58.55335660689646,56.74387012561226,42.11937471973269,62.82199337181484,82.71300726155562,68.13805800317787
Caris LeVert,64.88702403984138,65.40069374202152,61.7378354375901,59.73637912441432,38.18585598149855,64.6205669980832,78.38027859237539,65.32967712954286
Carter Bryant,55.391838277311315,36.15475889199814,50.74820403536163,56.91472724299536,45.397990521798796,41.63140187271948,73.7808797653959,52.07762901771732
Cason Wallace,62.87311452994607,50.75494236041445,81.18497511196401,61.99425137555036,36.580672178636576,47.53089609536408,79.4378103616813,67.95732571881406
Cedric Coward,62.63664993684672,53.77172942871013,54.956557820250055,58.54112996484859,57.81679474402742,61.95353540660882,81.67888563049854,63.746621305045394
Charles Bassey,42.08006396311937,44.32903149374139,56.34060873359673,77.38136802935608,78.62431760096928,44.370862741205315,82.83311730205278,59.688511708298655
Chaz Lanier,59.64062320205274,62.22555419047641,52.892883555125465,55.35412514278879,41.290048290772745,44.4079897560848,77.81611436950146,56.78059987349324
Chris Livingston,44.96299650826474,42.620661042879625,53.887241626814394,55.81288336776606,45.19279471980305,41.41494443772812,78.98544477028346,54.1815131921874
Chris Mañon,38.21187560089704,,52.39257143835435,75.84188260421445,42.92605027332338,36.81124739632504,34.80571847507331,51.96107429302309
Chris Paul,61.34374080710519,98.24141244080697,72.12003062680796,56.131516664021845,39.63939128518571,56.1029906719156,79.83495454545454,71.13876534623333
Christian Braun,55.073707991383024,49.198343998543194,56.32041601588189,57.950566957117466,45.37668810533923,53.878284436278065,80.09679252199413,65.11734379225483
Chucky Hepburn,38.24029067143755,,70.29258871353136,61.636331510455804,42.81987954679184,31.86783033092009,29.490469208211145,45.42581895653808
Coby White,73.50446761949738,65.39456636748542,52.083490239453006,52.35218117666878,36.12227921416077,70.26494885995551,81.70799120234602,65.89051077546875
Cody Martin,50.03725736607164,51.340570050698446,66.42590413316633,62.05675781356214,47.72411789926828,42.162174064368976,70.45079912023463,59.833574655444025
Cody Williams,47.942962001732255,41.45414989626461,50.58375047194878,56.92031570896174,34.82495926813036,38.305725103005564,61.9108357771261,51.93300663234125
Colby Jones,46.519920453331906,59.74629591838065,55.61228855589849,61.452807562422734,52.87322950404496,41.603334333147515,67.3448181818182,56.53007201927525
Cole Anthony,60.96810515163173,69.0118230114327,56.30093567986246,60.330865485649554,46.673405857202496,60.49533403986764,78.4924393939394,63.66875680222773
Collin Gillespie,71.90843118835609,64.33438013723,63.089839476337794,56.9945177599908,40.65646872789159,52.23485039205717,80.66299120234603,61.78361246859254
Collin Murray-Boyles,62.631513902999565,45.33723486122075,59.20704268419901,60.04116752193814,49.100674532691855,51.32829884975114,81.13985337243402,60.20534426773323
Collin Sexton,62.5420089506246,62.192115495810306,55.33195349535862,52.14217612682566,33.09341944111471,75.88697393876092,82.86968768328447,64.40171078869882
Cooper Flagg,54.49655962669624,54.00540093616671,66.71975437370793,63.092048502921855,54.82365025399167,68.72087581780016,81.15134897360704,65.12409637943884
Corey Kispert,71.93557913870465,45.04632941855263,47.73735845722096,53.546376460780586,34.537013744130995,55.824107151065036,81.0926715542522,61.62253297474422
Curtis Jones,42.70340217499147,,38.54746109983998,45.56656424610128,43.17280213491097,38.843034336666136,57.21373900293255,41.93996099190507
D'Angelo Russell,74.08189486311117,79.06620878645384,58.72454591491245,56.90008818437927,32.779781141606016,69.58803931287208,79.81999837080483,66.22578393278212
DaRon Holmes II,90.62273361802207,,50.72390459018036,57.75506826809324,40.28982335263618,46.614689635824085,100.0,59.52467835572264
Dalen Terry,52.0575385080122,52.01309556010335,64.06107668920427,61.87274679296393,40.55478855488431,41.29534718327555,73.62992302052785,57.28104526136801
Dalton Knecht,66.92399514751173,40.35658484368655,48.84915872386769,57.04000612593559,39.76715602385477,52.17015791221539,78.16708944281524,59.80394866002015
Daniel Gafford,38.00105833013196,41.36664975076832,56.069355443626776,88.94241260992109,73.38582346606958,57.496912778887946,90.53434157240608,69.62804029247343
Daniss Jenkins,52.76841937829209,60.03000826767888,55.147059078380586,53.75554300239401,39.42363142964898,46.04377759926103,63.49103372434018,53.05572157266118
Danny Wolf,66.34295414400827,52.243221672696194,48.829405178368134,58.34929249926023,51.10679461588107,52.727582534419156,83.32560117302053,57.85532383061506
Dario Šarić,60.12275579147526,49.15210786198834,51.983469855386595,54.583602520162,54.354008082659156,47.745292886897666,77.81253128054742,58.76561788083284
Darius Garland,71.40379796580376,83.61530209482221,62.600354091790166,51.585186984936385,30.373195462596676,74.7529360648063,82.26210948191591,71.2865489687034
David Jones Garcia,65.21000472700382,69.63320458767012,63.68594316755456,62.04191115964922,43.26618335934259,46.7822525154362,79.51218475073313,60.83991840265997
Davion Mitchell,59.21455404401191,72.30712509828984,57.99106904688426,53.98877296914295,28.392954625756705,48.37476700318019,76.512474235442,61.23794801000911
Day'Ron Sharpe,49.50925803355618,46.72186374880009,56.81517965429044,70.21999921079643,83.46715325772298,51.263444752945844,82.5123137829912,60.94195410840088
De'Aaron Fox,65.87289350894423,75.86934722903419,68.9499381123165,56.37420996132818,38.20913511619947,89.41620871347962,82.7797311827957,70.32486063168416
De'Anthony Melton,66.12886236159189,57.945877163565754,81.29791330402759,65.0071438007306,40.847745557484,57.883066271246754,79.27449120234606,65.46302859510408
DeAndre Jordan,43.26774366133751,38.86871849389508,46.485192721350415,67.87009305583291,82.01460731520423,45.21878343925909,83.34862204999304,59.683749745315204
DeMar DeRozan,53.066034441532636,67.64243564290635,59.06767828507156,56.4638130833296,38.1920659673899,86.04167691701693,85.5015982404692,75.27894081340119
Dean Wade,63.09998435633388,45.105017906125546,58.8104403752254,61.61382729274496,47.00521393565083,41.87178856818238,74.76062903225807,63.52269519391861
Deandre Ayton,43.22104629848519,40.00277618902019,54.35081417620589,67.3657530223448,88.33199086091558,69.10850421191736,86.74176001955036,69.5696893056537
Derrick Jones Jr.,57.74314662179218,37.57831826464782,57.72206938401358,68.37253449043543,41.76919176171205,50.00272294949643,80.91851515151515,63.725098958335536
Derrick White,73.29524233853452,68.5771528478505,60.34273269390637,69.8431998705141,38.246020441451066,64.76923862753785,81.58588360564167,72.81870381103458
Desmond Bane,75.06683795551152,63.16907349061655,59.87620124299188,57.60513738932917,44.208063103430035,74.64305998390427,84.1596735092864,72.08527321526124
Devin Booker,68.50469515792109,73.80476904503521,56.868519783851774,55.25935427161836,40.45765001414593,94.05807379004086,85.7984467253177,75.36406335278113
Devin Carter,52.1597651396695,50.89866349484157,66.22927319268427,58.8457700503274,44.74450437445477,42.020856187670134,71.0158137829912,55.213544526518426
Devin Vassell,71.8434042778113,53.62475766201574,62.65995030848292,58.4954171389012,38.98057829299045,65.14306601080673,80.21421896383188,65.35650246319526
De'Andre Hunter,66.99543414651339,42.409775909939285,53.57920521538942,55.42744423744472,41.54724665120607,67.18478018955082,81.30182656053623,64.24171701938208
Goga Bitadze,47.162560398984056,48.18875880785474,56.63515827036921,84.39986170140155,68.94261276041247,48.31009355776137,83.64200844854072,63.75765762102815
Jaylen Brown,69.83341565927968,58.63025288445483,62.886889858613344,57.51339814398669,52.25395952494743,89.5200130483347,82.71309824046921,71.99353039446092
Khaman Maluach,45.06700055573473,37.63386602489077,49.74891567452432,68.54417460123713,42.25207700664056,39.700177077645606,76.1549853372434,51.91266727187065
Dillon Brooks,67.35303827089223,46.51387313735948,62.7735177026669,54.34081761199603,35.47186001513015,68.5486193366807,78.51832600195503,63.764334396681555
Domantas Sabonis,52.360909267978656,74.26102107763701,59.487023655438016,58.87839094434631,99.41292374177644,75.74314134684143,86.54953602848761,78.6865345861586
Dominick Barlow,46.906974912433654,46.67660379428642,54.24874351475335,69.20672958334987,56.93321401061299,45.07944044192186,80.0225219941349,59.329269017387034
Donovan Clingan,51.038046661859816,44.402643160761414,54.05765180316229,82.16619823743201,91.751290284157,51.71880880021757,81.65840909090909,65.49511378216505
Donovan Mitchell,83.61800085059994,69.66824270775874,69.69216526239454,56.473102746650454,41.92211915118446,95.66562529575405,85.82724877810361,78.46614836975081
Donte DiVincenzo,77.03470093596357,57.97010910774629,67.71553549108232,56.366579849171,45.17457897772687,56.703859501489454,78.24159160731742,66.06285146227549
Doug McDermott,78.09930486664587,40.751031127878825,42.51210506921668,50.88934887825072,30.135689314049237,54.841434334146534,77.14613741097611,57.56284560355532
Drake Powell,60.23851660390845,53.394781740206305,61.18060354866812,57.36466155724236,40.045750481829884,48.07802235908279,82.76857771260997,58.70295329751799
Draymond Green,54.575879028698346,81.67442495052529,69.67232143002403,70.699115964139,62.13960853736425,46.74683401642416,77.5839706744868,69.06091664701736
Drew Eubanks,55.66101386564438,40.99954702016294,50.957706218332156,74.19887646752576,65.20631533665383,47.77818044908563,83.68759123492995,61.115390256972624
Drew Peterson,58.072895860297805,44.22689186668468,61.12559383290265,58.66228329538413,40.6564935780811,41.602028423690854,69.64636363636362,56.646316144909754
Drew Timme,50.198862899525096,61.36711689599671,58.46138477677806,58.94768998133702,52.390017601101086,51.26477757090309,71.91370967741935,61.75198049787766
Dru Smith,60.18250199101726,56.3151626836302,76.51863479197459,64.06043004191659,40.936463366536,44.762056556379754,80.18455889540566,60.83971644174823
Duncan Robinson,80.18057200685007,48.41975935826141,52.01473074024871,53.97292555716717,31.248227386993555,55.43997795496348,79.3333328445748,63.935938239685754
Duop Reath,67.29569203108963,41.052969369536996,51.92913055531717,62.103087545699694,46.54304648744864,49.89082545914862,79.93256598240467,59.236258489837006
Dwight Powell,45.812715051098834,45.09287552428117,55.97159615348602,62.94312502046468,57.172296165447534,44.4132192300205,87.3132238514174,64.4467757435034
Dylan Cardwell,42.71954294657413,35.682546327701296,60.24177455577776,72.10936955056803,44.346574840770444,39.0492856977463,61.85699413489736,52.57668148766181
Paolo Banchero,58.84729975200224,62.89879182681105,55.41758146863884,61.73051858383363,61.427654456704616,84.50115591231011,80.1582771260997,69.55340350931772
Dylan Harper,55.77901931896478,65.2197626399132,63.46653415932476,55.65217269287622,46.13088369057622,62.23942133516593,79.73277126099707,61.257735257361915
Dyson Daniels,51.069318753419935,62.68848771351323,85.84213639065479,60.77620251580886,50.68584471324551,49.166723747928685,75.08477639296188,66.36779253492342
E.J. Liddell,51.2481320554583,39.72527082713315,51.92586103993707,61.21472224906267,43.40114863735086,41.291051265936375,76.14621212121212,53.28716580436493
Emanuel Miller,53.243539176965314,,56.922617660022524,57.7426918183976,42.46301062258412,45.57719970320542,83.44549853372433,58.221176367768614
Eric Gordon,72.80436651719903,48.860511279886246,53.97237704192331,56.710214196579884,24.889558017091026,57.16268180596532,78.04670856025697,61.63614733020555
Ethan Thompson,68.55908189139596,,54.33122392626519,66.07365431751802,40.79703167086808,46.62932675426832,72.784926686217,59.92176400569289
Evan Mobley,53.249899308075506,53.44307263394441,58.73030475622062,79.41647318369502,75.84904719728013,70.19157309993399,82.8519853372434,74.9425965615908
Franz Wagner,61.014176244456294,59.364766615294485,62.54516888160064,57.16341795995328,47.295069588318825,79.05799748133703,83.61881818181817,71.71078093179318
GG Jackson,58.12651643404083,40.5407537418888,54.016085207928796,57.67016914430868,47.59283151633584,53.22827856593416,71.4092228739003,55.51541352598884
Gabe Vincent,61.70235205238458,52.12432789640804,57.997770202583276,53.462138798141474,25.01995896158709,43.89499054282971,73.66193450635387,59.15710595226831
Egor Dëmin,66.63487106,62.97974743,69.85267706,59.19366527,45.0905272,51.05520258,52.05186217,55.9076559
Garrett Temple,57.29287430646135,48.06938707068875,62.7219188105154,61.85188203610973,35.26642307475305,40.2214010256438,73.23916324535679,57.67196335431362
Garrison Mathews,70.26310117324661,39.55346849429975,54.11473258199952,55.437311153279566,30.309041888626286,47.180774981649215,78.56485930735928,59.04540388122493
Gary Harris,64.35179575713923,45.23584767685264,61.04377255823883,57.12532755960175,27.804306668135467,45.73062499818076,77.74220478983382,61.94954375633235
Gary Payton II,57.70740205980247,47.630479244537675,74.0237660329974,61.858012875299835,49.509646589531336,46.2144526126699,84.99634024577571,62.46392752340528
Gary Trent Jr.,75.67856340055826,44.37026775294508,65.79550777691337,53.318003439922194,28.239981314718683,62.358935246412244,78.59197556207232,65.62012781160391
Giannis Antetokounmpo,52.93338064373851,78.77766688018419,62.89955204181441,72.17802812985607,91.4909814620991,100.0,90.0324897360704,87.66208058217175
Gradey Dick,65.84732786979099,41.69078579808858,57.14333182099765,52.73577462454759,36.79763990445579,54.91480777016843,78.14218475073312,58.53904939681089
Jaime Jaquez Jr.,52.01791057600363,60.09251374453102,60.38856081089047,57.055966860225084,50.875184631500986,60.198267732813704,80.69555229716521,64.9793833343402
Grayson Allen,78.09448277821888,51.81836526457391,61.33071075931329,56.955746164567714,36.12527893152148,58.61106353723916,82.32946627565981,68.48179930437747
Guerschon Yabusele,60.38448116942146,44.84061914502627,51.686454197405105,57.55051789264397,53.37666459754318,49.01322832526917,74.79216275659824,60.90691080364578
Gui Santos,58.17990283011429,45.552970413359276,51.49634008987411,57.390671306978476,50.34193446300577,43.88620390746369,79.08116813294232,57.46359249056748
Harrison Ingram,62.58850795802689,46.65076201037371,54.91215908520882,56.90217761816303,44.679129069280975,42.98225584792675,70.2149706744868,57.56768525117738
Herbert Jones,58.75767990024476,50.01482220215331,76.4455967469928,62.569741264093665,40.14830912681688,51.42530455595687,78.96844574780059,66.47069578878039
Hugo González,60.25618961859026,41.774099308245106,62.82285701065629,60.72550722737967,45.29219801571607,43.07417458059237,71.52529325513197,57.63003399001134
Hunter Dickinson,44.90967127017309,35.94351529993724,50.53760419217841,83.42308953270827,40.277810302694775,34.80664145833581,52.44868035190616,41.2782071631019
Hunter Tyson,50.23348992423104,45.11533934705501,49.88904695779491,54.87324730589857,46.24476979690465,38.89509894965063,62.98361681329422,51.427002339925174
Immanuel Quickley,73.72537143468831,70.60515588269352,57.30289271283971,52.6152666825086,38.96996699905145,67.54286382327236,81.60589791928501,68.03809951128072
Isaac Jones,49.21206426422715,41.672448179083275,44.6591669928268,55.727199771457634,42.59064667564891,42.82981171056323,79.06123900293255,53.23597634525832
Isaac Okoro,58.80532057151607,44.70230167071014,55.88825830790741,60.219685682476694,34.972699609258854,47.99481762325838,78.04021260997067,65.01978268775088
Isaiah Collier,52.85510773582543,81.92084399543037,55.45658325875872,56.583065949619616,37.235544394737346,50.76489552554179,77.10096774193548,56.83373653414988
Isaiah Crawford,44.54934051116736,38.97869197248337,47.699679611153904,56.56080682709373,40.332328780498344,38.71081381078184,51.29344574780059,49.552471512328346
Isaiah Hartenstein,44.26337833253562,54.432675458176924,63.753078121389535,74.93927569763127,84.6519189923813,52.14383860940939,84.98698778103618,71.64353944247293
Isaiah Jackson,41.0816978820164,38.80699611354045,60.62920074279445,85.57279591145056,69.23501617438512,53.1757273694402,84.74099999999999,61.98484043767113
Isaiah Joe,78.28792962119459,45.2094078657076,54.216205567873274,54.729742299018966,33.7870160447835,53.389140272789895,80.79154447702835,63.40188159696831
Isaiah Livers,61.47233962416295,40.23445592326634,55.664635953442726,60.574275437198054,39.422891165033136,42.68358911968151,75.28381598240469,58.49518659473752
Isaiah Stewart,56.00457276123956,41.218121754909234,47.33963505527529,76.67113546322321,72.35427995305672,51.75206922351888,80.71879227761485,63.986252108621215
Ivica Zubac,37.98315724157763,44.11339855781914,48.19054986441909,71.6526828532593,91.97741289704622,61.12241557294955,87.0956129032258,72.57887642636929
JD Davison,57.33212360977211,57.87392172506122,54.747099475958734,60.42018973802135,40.40805788349186,41.83288357759611,70.9527602639296,55.85773490283656
Ja Morant,58.91141481330322,89.04710698248398,60.89204410865831,55.82618236138362,45.1908463159787,88.32365351563857,82.51952492668623,70.49758976778567
Ja'Kobe Walter,63.667136343119374,43.848195233536124,66.26462468275032,56.54411448259194,42.00304967403788,48.683293907997786,76.24730938416423,59.67042784650195
Jabari Walker,54.35327630579172,39.46634361227786,50.61740713845918,57.397360351712585,62.74104486135631,46.86795153000639,78.4258211143695,58.38356600735748
Jacob Toppin,53.507697123110205,48.9691638007501,48.673649579402685,58.75234540650082,41.12481504805759,42.627015128932385,72.37981622678396,54.91012371510358
P.J. Washington,65.18374793236237,46.39944675353915,61.754437170052974,69.41879223904056,57.44861532018618,61.08777499275338,77.33490748498815,64.43671116463975
PJ Hall,55.42915899364747,47.46821950292258,48.623597103018646,66.11533701836994,46.09842950004749,44.018525852250605,84.74378299120235,56.54025909720969
Jaden Ivey,66.11565905891923,59.74515380020415,53.03644530905313,55.96613827062045,41.42943964099389,66.01212514070437,78.54821114369501,60.29864441030837
Jaden McDaniels,61.47027811064038,43.03053411707902,60.75530098077976,67.86510410867605,43.84007956058827,54.845229460498686,79.64466911045945,66.7041783811612
Jae'Sean Tate,53.831461214178724,49.54795115947799,59.92063489526006,57.666112781991345,50.40814085457427,49.06833329241677,79.14068132942327,60.81604121279919
Jahmai Mashack,72.16571671329697,,50.77716104729935,57.8283458458773,45.309340693165026,51.54512581843326,75.91458944281524,60.257343582051035
Jahmir Young,62.502548826376064,58.04952130775034,50.65507184140337,56.09070287304443,40.47072316046569,42.661640179495706,78.82298387096773,54.59141838598717
James Harden,75.29296551385951,97.37161743566392,64.87139846267274,61.200400884281315,51.737751779498424,83.54296977535127,84.99987012987015,77.51252222033688
James Wiseman,42.54705267268056,34.48828154408909,41.3720990794508,65.01585541009582,63.26961848334277,53.390364597156754,81.493765884653,57.687318050025105
Jamir Watkins,51.8957569654162,49.31718571526583,46.11639730315757,55.78532261535031,43.896921493982916,41.92419956739675,81.28565982404692,52.81853033332136
Jamison Battle,74.6838080276445,39.91632470327707,47.52514675383366,56.43607717335891,42.18761465891485,48.45640846089116,86.23571114369501,59.0273599726208
Jarace Walker,62.446181794535,48.888082178740206,57.574334496607975,60.57676789056765,47.169865433472125,47.89237442522044,76.36604105571848,58.6283155781936
Jared McCain,67.54670413441247,52.58580248207796,58.08839587837454,52.89759146216029,38.006515042452435,58.5073238707127,78.82126832844574,59.396624900158265
Jaren Jackson Jr.,64.98925971650746,41.41461336216828,63.1717929385485,86.23071576966478,55.83635736023703,77.09372013229593,82.17564173998045,69.71070968823261
Jarred Vanderbilt,47.04973459906451,45.08214053175234,71.94652807191977,61.7936190589608,74.01388773610549,44.01431322758168,79.49017560396592,64.4821021409362
Jarrett Allen,39.85667898791831,44.53853762683635,56.80039788348744,72.25070319288633,86.56564436117407,66.60754794751807,89.04119941348974,77.57440866227452
Javon Small,58.52200743982145,65.21686472344716,46.52615693793256,56.19943042742628,40.68570737417883,46.27005942668186,74.44626099706744,55.124846901758815
Javonte Green,56.50557091022889,37.92516365161999,67.79207485830048,64.9436958788006,50.70643750712543,47.76109025965865,80.59143241167433,61.83871342219803
Jaxson Hayes,49.001848093799445,38.99127169164726,54.14965754175696,69.06381108840965,58.31642818079959,49.295328326545366,86.33625366568914,63.065914475620026
Jay Huff,61.59948129748798,44.387887190801955,52.56442387409382,81.84694575859255,46.70748690120723,47.85808604263493,77.58630498533725,59.62247113881337
Jaylen Clark,60.104271397182885,42.22684100477694,68.17354884675551,57.468092680851726,41.003692252229655,44.46241688935219,77.42175219941349,60.33909432935144
Jaylen Wells,66.92314930430119,46.57055699555997,53.79300587734105,52.272785652248345,41.31705020771247,56.638604441469575,78.16219941348973,63.10290165145969
Jaylin Williams,64.05225152497229,56.431170793668535,57.17528660280076,64.84462207110252,62.34770317318863,44.8528991904769,77.25470307917888,63.53138536601848
Jaylon Tyson,66.56522729567558,47.388517771978115,59.49280464788876,61.00499295018598,51.82529975648595,52.874310657590534,80.08563782991203,61.63329533680786
Jeff Green,59.8821722308324,41.51881184658865,45.247995517183206,58.02775498216404,37.23784400055351,50.75541441674706,78.66115933528836,60.76330357273235
Jerami Grant,70.0745081714914,48.444532474395814,55.13578637871558,64.68589941938524,38.76751953815281,76.68219216361305,81.02647165200392,67.09895061764908
Jeremiah Fears,61.54182989206568,54.39002441739332,70.14069367761144,55.532765574651116,43.06977570112368,66.72361100694981,79.00895894428152,59.48652760029457
Jeremiah Robinson-Earl,56.930705814325435,41.54184265395005,53.4035439115535,55.35422161502936,61.33491812086096,45.21200312461294,78.0353870967742,58.9932358328076
Jeremy Sochan,51.90556554873141,52.11145007636888,57.04100785778911,58.876620475028496,60.11730147918297,54.80065004834365,78.13638196480939,60.75883050842262
Jericho Sims,39.12988513617088,38.33326846366908,47.722038590674394,65.03431454155611,64.62795928603296,36.093379983155394,85.21669250104733,59.17318330365371
Jett Howard,62.98670098958071,45.81672866145247,47.33927743550763,59.09863840944914,35.39823549950241,46.29185098308623,74.23524437927664,55.49578460335361
Jevon Carter,69.27478929043613,53.62114379843297,57.633463515678585,56.767644029951654,32.05280943892963,45.90617469049912,76.06172741237256,58.38025214302211
Jimmy Butler III,53.616839193744156,74.94447512073305,76.15273054866941,57.84940486441791,53.88064798941241,82.94589408251534,88.22848275380531,79.38384956647634
Joan Beringer,47.56943531428724,35.65855778420139,52.991313974627964,64.60345975587849,44.414817797982074,42.75209419796776,88.63866568914956,56.140005872607546
Jock Landale,55.60125701020873,45.43636416602465,49.62729902381755,62.78246810131541,61.249538491283005,50.88564361926516,82.20785923753667,61.16068589601215
Joe Ingles,62.70634925505971,66.5424439154926,53.56316473218716,54.28730565426026,33.98494996643226,43.08621558407346,66.49636119257087,60.456236290728114
Joel Embiid,59.317516303377474,62.92152605965644,61.39329523604242,77.69274626487828,80.06387962747098,100.0,89.59421896383186,79.3569950430701
John Collins,60.415795666962175,39.45669902070517,53.12265751344604,67.30139804740217,66.4526645020247,67.98688975084679,84.01665347018572,66.64012208988777
John Konchar,57.01316630228361,50.29938981440388,67.3334645137435,64.3114960604938,55.53302357122297,40.03315243580357,79.4518064516129,64.02850846688384
Johni Broome,40.86314906199148,50.191459736856274,50.437870991626546,52.50112169522674,47.103415972625555,39.796805164573584,55.78035190615836,47.11664670275319
Johnny Furphy,55.40481659277694,37.147861498103595,55.88351183770163,57.410178576268564,41.53188462943647,38.0052160392927,65.65953812316715,55.15349303219591
Johnny Juzang,64.70181241326557,42.17394924921255,46.59852591325219,53.27780854866936,38.62648945233039,46.87324715238364,71.67090542521994,55.222528724058904
Jonas Valančiūnas,50.49201050122673,48.67476988521472,48.47511223741604,66.80822670354124,96.7598639157656,67.00840228314053,87.00561583577712,67.58134734130692
Jonathan Isaac,54.94173360156788,36.76132115997376,70.14773621681266,77.6679005816193,66.171854579487,46.91027430821544,76.84795821114369,62.602303697812324
Jonathan Kuminga,56.66522756516756,48.3674119643538,52.68020573264684,59.964211889798385,52.60250314906109,63.995609326554806,79.39854252199414,62.88189512410604
Jonathan Mogbo,44.46824833017878,53.78074619368758,58.778334945126396,66.6421863003258,54.60882932278527,42.78495666342693,68.77787390029326,59.334180558849475
Jordan Clarkson,71.24655218299687,58.57499934709365,52.06522690819088,52.458843184831025,38.27565107911486,71.2657577259471,79.60563294232648,61.37635664472515
Jordan Hawkins,67.73483664492943,42.7846824426258,46.14796517302582,54.20362083001887,36.3513170323064,51.39970406479634,73.69317693059628,55.52027211463766
Jordan McLaughlin,58.728784055256384,71.2436799079174,68.62327284786545,55.478089491458874,31.629598405084792,41.3106635032057,79.98614194944844,60.44281500890224
Jordan Miller,61.52535121126835,41.71842346830174,52.90063203735614,54.11534503239896,42.75013586988713,49.46012632187421,84.7360263929619,56.66693407170149
Jordan Poole,77.09864497472716,61.85872508807535,55.36501547039032,54.984139184574836,30.392796327072908,74.11849818063848,81.31042473118282,63.37643154219446
Jordan Walsh,55.05526976724829,43.27492982143715,63.10888137311552,62.676395808310545,50.53232530446013,41.28826951551072,74.6601955034213,58.84875631002291
Jose Alvarado,66.16947018033893,64.90781178607557,73.57095183969099,56.12559972925378,34.712472472556044,51.58958384996674,77.69101759530793,62.11294621713069
Josh Giddey,59.39373395060743,83.17783513252115,59.52637710178086,59.97136944692943,70.53657895719661,66.82815740388864,80.42756304985338,69.08360856183938
Josh Hart,58.86353428933139,63.27054563649935,64.0396233145479,56.98165138207167,68.71660174914831,55.42917903334057,82.16485826001953,70.9973509904131
Josh Minott,59.82622877806345,45.555051325380255,59.97832434684354,68.17990942955346,49.98279422934381,46.33327574727159,85.2407771260997,60.1916470698776
Josh Okogie,56.39070651833143,41.934352813768214,70.45097083280467,63.0881353091846,43.53150491208183,45.724425584566355,77.55684401619887,61.697416282577436
Jrue Holiday,69.77967224438763,78.38844638048258,68.58809160924406,59.58488617942923,45.528937520163424,66.78806542823366,82.906761485826,73.12315776393986
Julian Champagnie,70.91082777128801,40.78240485837493,55.54008552088661,59.340459579919475,46.3560344209983,52.53956379432993,76.75182306940371,59.68437070822913
Julian Phillips,55.366532568229495,38.69307672681847,55.64053987017095,60.94768437481488,39.462056727882036,41.16388897511792,75.7198191593353,56.4753058595172
Julian Strawther,57.66286298916534,43.709188084269,48.62671765116243,54.857703950319774,35.97506489619626,47.64240033538583,73.52489247311826,54.503903282525
Julius Randle,66.0348716199095,66.80719288181038,53.092397046841086,55.77777033853864,71.50117266976095,83.91000233549656,82.52635532746822,73.23270938211644
Justin Champagnie,56.16915158923834,46.20031932008109,58.478625999302324,60.42036984783834,58.164828460788144,45.68873739048942,76.8349878508588,57.57421584286592
Justin Edwards,65.12788701515271,45.98074175711268,60.76792468578151,58.60789640762398,39.59312937415771,50.15903281426172,77.64230938416422,58.94927189978057
Jusuf Nurkić,50.11458147178274,57.749437823950046,66.66195868735456,67.91190891717225,92.64570969734389,58.51857495716891,78.86008553274684,64.58304436632301
KJ Simpson,56.164302963967465,60.11581981219241,65.3949279296133,55.36196072926129,41.49533955853886,46.625397454845626,71.23260263929619,55.52226405905382
Karlo Matković,59.340720059684436,43.9348306022336,50.55748845024172,71.49861819522641,56.396131760666414,49.66547228372531,83.7082551319648,59.71324331269572
Kasparas Jakučionis,38.29482684663613,,100.0,75.58637516568265,40.43064057703937,19.65271839537576,25.0,32.61767894511257
Kawhi Leonard,70.14730439097566,58.95631330011525,74.9872615691773,60.699047950597304,53.16080037791997,88.57943164044755,88.27795674486804,75.33560816053563
Keaton Wallace,61.60009091512042,64.47324121551716,64.59174643964086,58.94013713979249,35.74206737373041,44.34901872232639,75.09689882697947,58.395027872684985
Keegan Murray,68.1096747683865,41.87153182513154,62.73909150766432,65.92281031302286,52.96181907118211,60.30074423595158,79.53716642228738,67.79824691190356
Kel'el Ware,57.919015414830525,36.9784999880164,60.18988784125542,75.93835818674722,85.62483985079415,56.99413157100771,84.37714076246334,66.54759942530735
Keldon Johnson,62.86756622051358,48.31778417057151,53.14165448549134,54.00774619763895,55.41769154425509,68.59156466276384,81.41969990224828,65.34704714220356
Kelly Olynyk,61.68661053476511,61.95114867534314,61.336234123387825,60.855381816576646,59.18106268446536,55.89039340860411,83.34224666014991,64.30510947181307
Kelly Oubre Jr.,64.94485157711401,39.43775449439868,64.46447388362076,60.74582184953,49.37352208681766,68.05397867095894,78.70792473118279,64.80748691634105
Kenrich Williams,61.2746851567903,51.928827170776536,57.40814896524817,55.78544398048525,51.56742278938038,47.621310746169264,78.05054936461387,63.27806732633262
Kentavious Caldwell-Pope,66.01848919786528,49.375205907349866,65.72579306574173,58.76163107009111,30.537938068487716,51.575149529204815,79.74016129032259,65.97858773175176
Keon Ellis,68.71021073953986,44.35927517526504,72.24545959446691,65.42548335209457,33.88354711774707,44.63885487467371,77.94518695014662,62.92030006997951
Kevin Durant,70.7710935634675,65.09447713449266,55.66564422708247,69.24409759408721,52.065588151745565,96.96228646009229,89.7580135455942,77.20426994543585
Kevin Huerter,70.30549378908063,54.71040595609976,60.34886311584209,58.560989364957436,36.98633284117924,57.60512652697676,78.87174556626168,64.14105802566837
Kevin Love,71.83005363610812,52.655839661115344,51.800568081125725,57.46013577789839,73.69035231216989,56.28719215315243,79.68910312805471,63.92118598862356
Kevin Porter Jr.,72.28173044644325,74.1151180924539,69.5972631768307,56.88096967516519,42.48863760347948,70.6960212331521,81.35161388074289,65.4587162379569
Kevon Looney,40.397515516718734,55.37475613491738,53.543947267904734,65.10276713513804,82.30417622543611,42.37767748103424,79.06727565982402,66.95147213505088
Keyonte George,70.11164386828999,73.55310429991273,51.68706278542144,52.01899773223832,36.41523374825579,72.29428161626859,79.70649560117302,61.04391846163871
Khris Middleton,66.39760671317295,71.11720173241102,60.20418614814451,55.68576107509295,47.74348481713283,68.66456566679895,82.80758902387932,65.35001642670082
Klay Thompson,86.37329294871196,48.33567553408205,49.55122206492468,57.53913131163083,37.63398871063806,70.90550710393018,80.38048093841643,64.3341811636483
Kobe Brown,53.52067574682554,47.45134356976961,53.65263832750081,57.238485051988654,45.498194846611995,40.56577894636105,74.23860215053763,56.3058813815379
Koby Brea,45.06775633975126,,48.040453503197575,55.105594098537125,41.52403094980751,44.18723841392106,82.1367302052786,55.14119158961627
Kon Knueppel,78.95457259001252,53.203766639232896,54.343660819202746,55.37144540305863,51.246018208663955,69.17509478132837,83.73470674486803,65.1433656076234
Kris Dunn,51.45217825278692,67.58326758716194,75.09819899642714,60.476087878973786,40.53926492025127,46.865817282679416,77.61117448680353,63.1298760910147
Kris Murray,51.53419006121024,42.11776491594201,62.243235628927756,57.2028866173815,46.92631298981706,42.23531821513403,71.28096285434995,58.806488073834075
Kristaps Porziņģis,69.9189285061604,49.628939515336654,54.109085039784986,80.62949493557352,68.3021944154871,82.36598846346071,87.28644847088395,73.32519329321912
Kyle Anderson,55.835615648410894,67.7986187971728,70.45320645893699,67.71412322544614,51.15827998220374,50.87247875675505,79.21632977237817,66.62917065714439
Kyle Filipowski,60.662780360683385,52.53002559109582,54.93355262180951,60.27096272244053,67.63579226099458,54.666015924526555,78.72474340175953,61.763386737064685
Kyle Kuzma,65.33640017595474,52.37803621323721,50.12733230126062,59.661995027944286,57.5242623048002,69.39190694476416,77.43441558441558,60.83358463923952
Kyle Lowry,68.32382333123672,71.98049108965857,61.37862438510584,57.67646967340291,37.70555740483455,51.58411722881973,77.44680840664711,65.70299103122943
Kyshawn George,70.00505436846852,58.20606800871063,62.41888611570312,64.90281615840775,49.56181909509067,56.58549002459481,76.63305718475074,59.91661894245012
LaMelo Ball,78.03274654329009,91.67087803283347,70.01296187243499,55.61794636886018,53.164428457830724,81.72002245104122,81.91430889540567,68.4507446669073
Lachlan Olbrich,40.561453248400994,47.41940931614592,49.42827958305645,56.71972168353553,45.628182089178495,37.43678654451959,43.2558651026393,51.04366835632549
Landry Shamet,71.9204536981623,46.778727374133226,52.359758333561516,54.02941673785001,28.47965834648307,51.44372964211945,78.31381573802543,60.23122647836084
Larry Nance Jr.,57.09247322828596,50.212718652191455,66.6381044024226,62.08091880814357,58.571874076543054,46.7451658984368,78.65360703812321,63.9944616242592
Lauri Markkanen,77.11954356637223,42.022894960137755,52.07868559605586,57.504648596431466,59.837061347705195,80.6063212889888,85.12798289345065,71.49332249715691
LeBron James,67.96058934666225,85.80061109367263,60.681138029069075,60.86624604541306,59.095404220540246,89.58405905969089,83.6198000977517,77.95183282598427
Leonard Miller,49.08209751858996,46.52094721998236,55.56633653941827,60.47820998077012,46.05547465442925,43.318126409403355,82.35834799608993,56.85565851165288
Liam McNeeley,60.09289858597843,44.145578325810064,49.81149131545555,56.51979963706937,45.45717777966976,45.5168498539795,75.59387096774194,55.99673502012244
Lindy Waters III,70.54570456269107,46.78762354313035,53.63120992348957,58.21044778917769,39.06571311662157,45.86317816316031,74.60790155006285,58.18772421899662
Lonzo Ball,72.22228900976738,68.95623157877249,74.6442327931239,63.15659201197526,46.77210112317539,52.10061818923129,75.05544110459434,64.7118639761079
Luguentz Dort,69.21672162329652,42.19624490053159,60.43158776211948,58.85590413339267,41.385405906447886,57.44416346445134,77.24916129032259,65.60396162317345
Luka Dončić,80.23203299945678,92.54774867761064,69.41107019291405,60.40172449813045,66.93311181364196,100.0,86.23851173020526,81.30894205626524
Luka Garza,58.753302467760875,41.81654448134638,48.902417850500925,57.26396754190381,57.40295748222383,52.675025845902944,83.2717331378299,57.841453102841506
Luke Kennard,77.67626315330502,54.19269270243616,54.25891641060342,52.66115312193501,34.98160312078501,53.524934859964695,84.03428780896523,64.81745786718953
Luke Kornet,45.037253018627176,51.16939528731352,47.5182323897933,76.17440184692659,61.515839417745475,43.81316968936133,81.68423936950146,61.293247479982945
Mac McClung,55.971754210744464,52.030912061855645,56.7764437139512,58.93880816666108,44.86042405230406,47.28519235428108,69.80655303030304,54.14411195151013
Malaki Branham,58.999469828076684,49.23143426504288,47.6223539037009,52.06674984318945,35.03951711378407,51.127139956262404,78.26098607038122,54.59962419307245
Malik Monk,72.07655974982148,64.08533157576751,55.12429558319977,58.30116008426098,34.2844253763011,66.1713659163054,81.52978054740959,64.89036526818174
Marcus Sasser,55.95951238956603,74.50163346506126,53.913349536573904,54.87623419957765,30.089679132018055,45.051987848200866,64.59565982404692,56.26482156597587
Marcus Smart,63.896309043507586,67.90432728434544,77.75034393877434,57.99607291076413,33.46431893785997,56.1636801131377,77.73177000418931,64.1571632476977
Mark Sears,65.49632142147672,43.882621508117126,45.81637143925921,53.057680523178554,40.48257687757338,46.97606613867752,81.82381231671555,52.530379024445104
Mark Williams,38.490337404716804,41.74133888709772,61.92188696722853,72.25693006231613,87.97268763752322,63.40651660532339,89.34418255131965,67.11688018289675
Marvin Bagley III,51.50874293044233,39.12485021141902,50.249473492437566,63.17979187674449,70.73219919440378,59.567842012535515,82.16415311472495,60.82310797747555
Mason Plumlee,37.66676900950975,54.936219633026184,54.75157223647832,64.82759169403147,80.04872360209706,47.725374636394285,85.65242110040495,66.43766479157142
Matas Buzelis,63.17360322016694,41.28959594144035,53.8580170863988,73.73304411062159,52.25813708616283,58.097978069270134,80.0041055718475,60.63751226737722
Matisse Thybulle,62.536227872539214,44.024740896544046,97.39317773304958,70.70432053333701,33.290108246829305,42.185035802107215,78.73476225387518,64.80875950106423
Max Christie,66.12349239271225,44.032304763690654,49.94852914245097,58.46063998445566,36.45307489065548,47.66979872001264,78.80278714565006,60.25795385250655
Maxi Kleber,58.83617073750345,43.97901218455475,48.563769304072935,66.79612944308198,47.365821380284586,40.19494834829018,75.24666031280549,61.02155974814594
Maxime Raynaud,54.90331420268605,44.50403874395457,51.75226452050538,62.98089179887879,52.62781631373446,52.8606880523398,82.95381231671554,58.43278644581411
Micah Peavy,49.223826743237154,48.65166196956008,58.325643577870224,55.56016820850414,45.1581593820904,45.431374004301944,72.45708211143695,55.44197070857118
Michael Porter Jr.,75.1340881366334,43.89404839368414,53.36537335951142,58.8403000388471,60.50326351129074,71.92152092404451,80.96889833822092,67.98061643176031
Mikal Bridges,68.7455897040954,54.948450208879265,64.53581201291469,62.07716532644609,39.18786266977359,68.29391116883636,83.93492982823626,73.27310796354061
Mike Conley,72.5439518612844,78.97999391062044,66.46524452443882,55.37930496778622,33.060974012390986,56.663202514953916,81.52470150816924,70.04132856758352
Miles Bridges,67.97697536794134,55.80437071041072,53.394902403073914,61.49382408223376,57.52855947679925,74.38953556274427,82.36177126099707,69.24915941837261
Miles Kelly,44.822153484826885,35.94773733785822,50.59849411961865,57.6973268160158,45.587925654000514,39.08268844396356,58.81781524926686,52.35885678868928
Mohamed Diawara,54.64662834040282,50.8608768447517,55.70806902550926,61.30034506900652,42.27911113561318,40.02076933297516,58.399692082111436,54.34105101462883
Monte Morris,55.712170405975996,60.66922139888962,52.20621955720698,57.72611818265678,38.019686160462015,45.104138604514354,74.13962714704648,59.39780890090998
Moses Moody,67.98215684257488,41.43713429778994,55.34380222609393,60.211595700606395,38.103795635862724,51.77347165983467,78.8477008797654,61.22751604412452
Mouhamed Gueye,54.71315055678211,43.3666522928782,63.21755638350153,71.70968072623913,57.4010233762218,46.19517486298058,76.14647116324537,59.38213390545802
Moussa Cisse,43.979488857110695,36.851032318514804,53.39555383603697,78.48942558598553,53.61396642442916,42.72153870713556,76.09574780058651,56.926823080179716
Moussa Diabaté,42.543207201376035,39.93523272321083,57.63300767404917,66.37154840483424,73.16879191077575,47.11172195286684,82.7162646627566,60.65899544984714
Myles Turner,67.00975569453364,39.38082395318844,55.352311610757326,93.73360185220187,61.963388329724786,65.84859612701732,83.15834261974585,69.41445242200459
Myron Gardner,90.8267403669054,,54.7844394417668,61.86745228276156,41.64212295992887,44.460667195190595,100.0,62.290084142429464
N'Faly Dante,44.97852058918113,39.04865449476793,57.03572776857896,66.77390371598375,52.190292555035654,45.71868108297826,85.45049853372433,57.60493404779158
Nae'Qwan Tomlin,51.378685447913654,40.76768921356723,54.598836198972904,63.251720940842496,54.06044485935244,51.8926444404713,78.17131231671554,58.29615121624547
Naji Marshall,56.17986170271632,53.142662128276484,61.43823602478546,55.323009693190016,48.339073729283854,54.05641370534902,79.58266959921798,63.16869997407931
Naz Reid,68.33634409063026,44.51064682901054,57.823137559224136,72.64813522171232,59.32644888077754,62.98031761887874,81.66958993157381,67.05611351927853
Neemias Queta,39.17316535553739,42.027511931498076,51.700271735740436,75.34208340335564,68.46949176076757,47.96800146475577,82.03277419354839,60.60241210157005
Nic Claxton,40.564169470402575,49.63095926800408,56.967552432226825,84.6794830289179,74.64786444503224,56.753002747975664,83.18634555229715,70.77942417417046
Nick Richards,42.76408898441592,35.79931851518214,43.864112211706384,71.55066788807889,72.94260845969423,48.29479234964866,84.33033759251504,59.90850081944002
Nick Smith Jr.,70.35954377217514,50.91940363914532,50.61672476217925,53.8148704923738,31.471480933854025,51.82033564922665,77.30051808406645,55.02751764561023
Nickeil Alexander-Walker,69.08640143620958,54.37687234500704,58.50690217289661,61.47803326738976,35.36900590274243,57.61003021736693,77.2463587487781,62.115145419691935
AJ Johnson,47.985951099899054,53.5728926961099,46.80926184327604,52.89668837283605,37.51763297473898,43.32240273024735,69.12722507331378,51.81208993699611
Aaron Gordon,61.44854147665393,52.014575233763196,53.14236203221087,59.73100651835516,57.0348556105354,67.62010225091743,83.49313685239491,70.46902433737299
Aaron Holiday,65.67800466715879,53.72985160908899,57.4801849793766,56.227822933863365,28.483807486111218,49.154032858888364,80.08021889400925,60.171117121983684
Aaron Nesmith,68.59674319694861,40.56544512664795,55.91241949195661,58.69437584653221,42.97325795423831,54.67650101493895,79.21590664711633,61.89916380264238
Bryce McGowens,53.27488188864108,45.690410897578495,49.05418091804626,55.14887115425314,34.712567263053145,45.25714497156617,74.84527126099707,54.212261652264075
Chet Holmgren,64.29431870336657,45.63523619640626,54.585460031285436,88.38417810622296,71.04787671595119,71.15247452062948,85.70377321603131,72.26607139987505
Chris Boucher,58.33370863039099,35.878074559378256,54.75286341113003,74.70145483062984,65.92339077274272,55.077453428209346,80.42556500488757,63.68964581977295
Keshad Johnson,56.96737979458703,38.34964685923127,54.4326758948561,64.07527653568519,49.68216517268992,44.36935964337341,76.75728005865102,56.56525993733546
Miles McBride,67.76938225394427,57.188412513907075,59.719801093525035,55.45666610116362,30.319873808435574,48.610419462315825,75.34350439882698,61.815734373679355
Shaedon Sharpe,63.72614460551808,48.08311432479009,58.775419820070546,55.03198234700768,45.06630640104807,69.91795074127427,78.6713086510264,61.94893796597099
Sharife Cooper,42.30634141537901,41.85981838191148,44.644321862304665,52.07923050193901,39.767207344278745,36.21376932527538,36.79615102639296,43.85552534901865
Sidy Cissoko,50.118834929576735,48.760926913457496,55.09985322669879,57.50349694728945,41.47345101646497,42.07837733832922,71.54636363636364,55.29824909227054
Simone Fontecchio,70.19622247676308,43.26745092838145,51.73941674770926,56.13879665556925,42.02423697705076,52.56523717472202,78.40328201368521,59.734494695850636
Sion James,62.27605961973669,44.94849191580607,57.29552538375433,61.440506724750925,42.207631007392266,46.46554578199297,78.13797653958943,60.8300640267823
Spencer Jones,53.65538827576458,40.534094787456745,54.719687395164335,60.023589544619874,41.8455545166817,41.374108241872115,76.58517595307919,54.91111878542857
Stephen Curry,98.47200000000001,72.61914296206467,61.78080081992722,57.37403004194137,44.09647859220283,97.6008104479224,87.74344721407624,78.74308537998445
Stephon Castle,55.64730098254246,74.47005994559305,68.07062854773125,57.29713951229826,48.40450534567181,69.03728988807543,79.0183284457478,62.64388490893844
Steven Adams,36.189460310973686,48.90709158044974,58.89532935871905,68.50311322259631,97.88356058705898,46.914418798077946,78.99098240469208,67.2378959598308
Svi Mykhailiuk,68.38509509490514,48.82159422894059,53.47179428689836,53.69483195618136,35.073028710828154,49.72536360473312,78.3254761904762,58.97005902375289
T.J. McConnell,50.54695303351339,89.13241253432909,75.40952910285736,57.410243600397955,40.21966576992712,55.337255182009784,84.4527008797654,65.31667093233037
Taelon Peter,51.966912763118074,50.899140649327805,49.61097153802267,58.061120237369174,42.424066213616925,40.566972338889485,66.68431085043989,51.92559362472765
Tari Eason,64.07077739960778,42.44517259083352,73.74261600694065,67.56920453213789,67.95445826818423,57.65784935962806,80.21422653958945,65.48968095883384
AJ Green,78.93786661,46.42192083,58.27652948,52.77969291,32.23732373,48.48791503,56.05564883,68.24877954
Taurean Prince,68.52853780080581,43.95487959622878,57.78674250250574,58.44049204185606,35.608271762114,49.21566780443864,79.3409550342131,61.43930939846308
Taylor Hendricks,56.48275103775033,38.44460133383953,63.99493327280837,67.89019053862883,54.75712069933495,43.77158589603066,72.16643695014665,58.567274721152785
Nicolas Batum,66.96976709422104,47.319623051133064,62.84442963628408,65.65621554067809,45.11838690482854,42.86496491897614,77.74984883396172,65.19299126678669
Terance Mann,58.46959904883971,53.50320624334502,53.42692866208464,55.473112200937535,44.52411641262216,50.858600779863366,80.59390064236837,64.30216958036736
Terrence Shannon Jr.,58.74544439189114,45.46367976889051,50.584544193061674,56.393956281573416,39.16328487461364,45.94480631523247,77.56324046920821,56.447345687787575
Thomas Bryant,54.18026442167858,39.21343105360628,48.66638777068728,67.37369203564567,62.27853006408286,54.5799846735728,84.72709595959596,61.7010710485641
Tidjane Salaün,64.71155182990677,41.2195903344805,54.50100074082023,57.349092195735004,54.711054372172974,47.5050337807173,76.76634164222874,57.90454618982953
Tim Hardaway Jr.,77.42884622752767,47.11223642349292,50.35372122523599,52.19435998832206,33.489781058484155,62.65924699664943,78.65767155425218,63.647164111461116
Tobias Harris,62.261612055327646,52.42086362820891,55.325972390175274,61.35001096450047,53.68196578150202,67.6570992144795,82.8706578690127,70.56270021399021
Tolu Smith,47.2912075595502,41.313347408875146,51.663732793627844,59.29186359643822,58.92754968889949,60.567834464987925,93.81432551319648,61.47570438268123
Tony Bradley,46.89993882224566,40.168627727702145,47.81396964726876,68.14507441434606,64.45888976752761,47.47390170422997,84.82955131964809,58.55992566276989
Tosan Evbuomwan,51.49247018988549,43.437720740160046,52.251067323221264,56.98339915431728,47.5090920228058,45.553476635841136,64.77915053763441,56.42667748783676
Toumani Camara,63.60798517940394,45.64845353487485,64.38051196195154,61.22201403967026,52.81104954094187,52.285172886925025,76.70790811339197,65.20348991243
Trae Young,70.4835966686954,100.0,58.2015185205443,51.72486854139575,31.540314765966116,91.39745509327656,83.85080205278595,73.45325972886548
Trayce Jackson-Davis,38.45355026133986,49.326503046226016,53.567056615276144,73.83035696126306,67.52474156499909,50.66310630262913,82.36673020527857,64.01074140572435
Tre Johnson,68.41632628418537,43.306963158134096,49.80162084682364,58.799002021470514,43.86055361321405,57.03845591832963,78.30193548387096,56.58391725586105
Tre Jones,52.88084390386171,78.96779076470187,65.11940625631266,54.50752630621324,36.470333782049636,53.266093789185774,83.60666980868595,64.76321217410027
Tre Mann,65.02242972811644,57.156855640157026,58.02730230952116,54.535579152469,38.646552688069804,55.818393434677304,77.87156221198157,58.874593268056024
Trendon Watford,53.87605316450629,56.35827089058214,52.88501825225258,59.49717167911031,52.852313018457515,53.64561036678917,82.24518475073313,60.80854696041907
Jake LaRavia,61.19861586925922,47.58364067439014,62.50987272419599,57.832347951619184,46.112679305033346,49.53211287578521,77.17607404692083,61.39976434419667
Trentyn Flowers,43.99110968866138,74.81814639962013,53.65427969570812,60.83515328205479,41.041177737923846,43.183464702344246,65.92784457478005,59.40439204140333
Trey Alexander,60.148436658268935,53.90015678658371,51.23914690444531,58.98014228949419,38.84521705275962,43.126024795836415,70.47872434017596,54.511542152030216
Trey Jemison III,40.1545495639148,37.98244251327316,48.80647314308219,64.89673684160843,54.91846171518703,38.962617430118065,64.41351696690406,51.80579470915345
Trey Murphy III,75.72053638655521,48.88840241524316,62.12549154964323,57.86308148207755,45.34086503713697,67.09589712080646,83.31887390029326,68.94950426361075
Tristan Vukcevic,60.26620836883047,46.88377473248419,53.186047953698406,67.68912666158803,51.136434935353115,55.819255136874354,80.9565249266862,57.13450642438211
Tyler Herro,77.79506902569317,60.77968213009558,55.31072113176889,54.80003965233002,45.41669323784722,79.17309186400492,84.11131573802541,70.23914137182422
Tyrese Martin,59.45968243767195,50.05082086609741,52.783043406648076,53.39251199587082,44.25283229589632,47.377762821967806,75.94611436950149,56.246885608856395
Tyrese Maxey,72.8212153239036,70.00937780683537,60.93744678473739,57.38576765257935,32.65409646192163,82.28834782983762,84.59613489736071,73.7021656640586
Tyrese Proctor,60.76617018441917,55.608153989592566,52.01562605863464,54.655593549412174,40.24411441743021,48.0956225335237,75.14529325513197,55.83481884900505
Tyson Etienne,60.20559631971499,45.150899964944266,47.187832938488214,52.90735670317105,37.403006197846096,44.3654120900466,60.39370967741935,51.079745269471395
Tyus Jones,62.31318657710089,85.0253066734323,63.7961167989864,53.65355611785605,30.44088282183555,50.870047957995716,80.52407917888564,66.83962712104359
Jahmyl Telfort,39.0446192725137,40.42222344372741,50.13282689439333,55.26752881830857,40.755711722272785,36.3809625507956,39.34630498533724,47.69072112635408
Zion Williamson,45.32679784191845,66.69936359486107,65.40722287735838,63.100783700606684,60.37175849167054,93.53764596948349,86.67344428152492,71.54124384160522
Noah Penda,68.70469981727406,51.01836747818013,49.49859916304354,60.823638915011024,52.14346459198621,46.96558859268864,83.10180351906158,58.41694711648809
Nolan Traore,55.1870682358187,55.176927773237274,55.824534038988475,55.42273557090154,40.03009903972301,40.28227702628887,58.718709677419355,51.42718531654372
Yves Missi,37.869250442661794,42.8700506840562,46.562561408370115,73.96783048957201,74.64819028624375,48.98661781227442,78.41011730205278,60.71259665113955
Ryan Rollins,66.66261502557451,61.18515137461031,69.58177739395137,61.25793974143486,39.81081222026275,52.75418193897395,82.65682306940373,60.11849186856349
Craig Porter Jr.,57.0709153537805,60.618259978598694,60.86757939731694,65.231801306291,43.68213390983584,46.57259089009803,79.51386119257086,61.296771499912616
VJ Edgecombe,64.72465658612884,59.423606626354044,67.6938859295023,60.38115454500358,52.55465849143154,60.81177675129479,76.24000000000001,64.384017856061
Victor Wembanyama,69.07799882735539,58.07692761978019,66.33948063798883,100.0,90.07107431037862,88.2163146551494,86.635449657869,73.8935299752118
Vince Williams Jr.,57.58536729992905,59.55853890027861,58.56748678206115,62.15889647694745,49.56342241379517,47.22709710417375,75.27116935483872,59.363649797950714
Alex Sarr,60.515036664673126,53.78154558370696,55.703146776592696,80.96397241415016,68.81780467882072,68.77564682948586,77.89982404692083,61.21291689205147
Alperen Sengun,50.57158933143012,67.48142741288699,64.02988412888708,68.0137950259843,78.36978625984622,74.67495863786436,82.88282404692083,73.35891011203003
Amari Williams,44.841453248400995,,54.9266852833329,67.28544796421082,43.464032659504,40.276271312282475,72.30782991202346,56.56968936724725
Pascal Siakam,60.01750603831148,63.91734541754977,59.624213283579195,58.8633216128307,61.45763929885558,83.96065399361422,83.22310152213376,74.35847918925676
Pat Connaughton,65.99210120266721,48.0541510326191,54.27213656682889,56.84567019529969,46.786787681598426,46.480525369153824,78.32583088954057,62.93449070681481
Patrick Williams,63.25412408812987,41.11550720197244,58.341348173039236,62.8004778221135,44.0250313870133,50.86158290219972,77.21353372434018,61.294887733750656
Jalen Wilson,60.764767119315245,44.10384462918681,47.27168849508608,52.00707466777173,39.525391191254485,47.09645062328165,75.43265395894429,57.28194651093041
Paul George,76.10910636618712,64.04454068256243,76.41708992051608,59.35708106821427,51.37306890244101,79.78270367275293,82.82391886608016,69.85636009366408
Rudy Gobert,37.269333333333336,39.201562262278124,53.41175771085864,84.01905002224919,100.0,62.03909641418711,87.74226246334314,77.72420304627884
Amen Thompson,45.92009723417219,59.88613900968883,71.51337088707349,66.91894404146825,66.91976764054753,63.129981809770506,82.17237536656893,72.22334563595894
Anthony Edwards,77.70326013972925,59.854948185331224,66.73849702614052,61.2029963588311,45.363850766408845,88.47362638753602,82.94547067448681,74.64618777678368
Jakob Poeltl,43.48474236798825,51.63565472804992,59.21325441169657,77.34959469274861,84.9309571851063,59.19590157753955,84.59926406926408,69.85344660656725
Jalen Brunson,69.15118532969477,77.33654278609876,54.663247899534404,51.9314601061589,34.30685827585161,85.94426339807346,85.55391495601174,77.65038708636745
Jalen Duren,37.60920793241611,45.803352088763084,54.58572852716636,69.56826189785778,98.18619585031435,64.46228940577588,88.42419721407623,70.79737371727876
Jalen Green,76.09911441852718,55.403499429650225,56.74592383583945,54.019459791122294,39.413374444461596,77.94197386392979,80.12271260997068,65.34141791836342
Jalen Johnson,57.12797218174737,60.53384989850264,64.68092820562254,63.32855985841538,67.79780172301805,64.35639236352338,81.70096480938417,65.81639329354358
Jalen Pickett,59.83860879450501,58.8014649276809,48.56280774161769,53.976723395206264,36.2141305944335,41.75648381961222,77.91755620723362,55.42184813626106
Jalen Smith,61.76165647194499,39.73213064245155,45.598253553701014,68.65126804574932,73.78185949761607,56.48039391127169,82.78947528278172,61.76058843859537
Bogdan Bogdanović,76.45305293739138,56.787863187304715,60.62471690896419,55.08805199840858,36.94206924585529,62.17415396496512,80.16092096075971,64.45234603375968
Caleb Houstan,67.04686627624483,39.18233337473938,48.15833787915709,54.92663854842463,34.355574963876904,41.67498402257092,78.96267961876833,57.488228908982585
Chris Youngblood,56.73577125210201,43.70316781870288,50.17871867185946,55.83871344305942,42.156335029005334,41.36574982695551,77.49640762463343,54.38260902664454
Sandro Mamukelashvili,60.42243267352084,48.2740882259606,50.068433987944225,61.53256496697864,58.898083503694785,50.688687327095096,80.22694470046085,59.24503961918468
Santi Aldama,61.16256459600738,51.60335683692965,55.91792229332632,64.48232591471688,59.697381690928964,55.45793355844565,77.13358651026392,65.00183909538958
Scottie Barnes,57.345022905871886,67.5833611576454,66.31726869633098,70.73913978477083,64.24199096096794,72.19298228812086,81.81311730205277,72.83850536544563
Seth Curry,70.50380441268933,51.486460963617176,57.22721111712548,53.51729731023171,30.765789850464714,53.80597996114939,80.22285434995112,61.77407709990675
Aaron Wiggins,65.36508216001052,45.909022864424955,56.35077032564853,57.86242775506189,42.72400712766245,54.84181823060507,81.56079472140763,63.75428569530288
Ace Bailey,64.32495124340019,46.59686041518718,58.3247006197772,57.64119911244288,46.72874208457789,54.99616790688003,78.01178885630499,58.34688416773877
Norman Powell,76.85464292855679,45.25104399725231,59.78915506838739,56.34618295069509,33.44129234494262,77.86437644272468,84.67448750174556,67.69456430038254
Ochai Agbaji,57.11501721870944,42.43694432925186,53.284134761878505,59.50517068849757,38.047172159239466,46.21809105095301,74.08547653958945,58.312630018199926
Olivier-Maxence Prosper,48.775086861916755,44.81882699011115,52.18441643047884,55.75391274432942,50.93241449224957,45.1225088965141,76.19495112414467,56.47568253281068
Onyeka Okongwu,49.99568499496581,44.224167051685214,56.445654388384426,74.31209173230774,72.49074557367942,57.43497365196505,86.74641397849463,68.48568098404347
Pat Spencer,51.74487823001901,66.60017593463138,56.30301291966631,56.362488410856486,42.09564535738605,44.93690788970488,73.32544965786903,56.92006094418399
Robert Williams III,41.28328201796588,43.22660433219919,63.61312144074328,91.21371623761539,81.40848654404743,50.03459148440873,89.0597184750733,68.32086181374055
Daeqwon Plowden,56.46116304807836,37.58780137618976,45.52511653001913,53.33801769431394,44.79985574878083,46.09276061630079,69.55633431085045,53.79646727088343
Nikola Jokić,62.9975557507027,100.0,73.60002034869613,67.2950252930259,96.17299102550422,99.1377847901169,94.93066666666667,99.27901180613895
Nikola Jović,61.51916138402229,52.381606145790435,56.792602295544384,58.88151953108578,46.54980443501203,51.07489973440044,78.03861803519061,60.94011181232632
Zach LaVine,77.32398803236725,58.18932501084945,53.08218945498555,54.12964365212735,39.740017302376884,85.04716888996857,84.46580365870688,69.68928974102552
Zeke Nnaji,55.38926089916522,35.456134191392024,50.6787542499519,65.83730827612756,46.975540217537535,43.21980571175103,78.77323020527861,57.705511751577376
Ziaire Williams,61.985971124905674,40.61349842368577,57.5029106903783,57.55685831156915,40.67078718885427,50.80491874483727,76.72930791788856,58.77856874141786
Jamal Cain,55.41988394596916,41.17782682376604,57.52234620573287,58.853171835179154,43.89206898050337,44.636657751908196,76.07697580645161,56.78840548239735
Jamal Murray,75.97447905181967,76.45052672278291,62.34428832281499,56.753694120883125,38.82286153180783,81.27369487595035,85.22258357771261,72.91354666210566
Jamal Shead,58.85438249684985,80.65875714871561,67.48118883249799,54.78399917373609,31.44080181978829,46.81880407091168,75.84425219941349,59.568997705856994
Jamaree Bouyea,55.41739457843563,49.13420173025211,59.14017031748832,60.107771682641456,39.542412008254665,43.37005151524407,68.7223185483871,54.769406406436964
Pacôme Dadiet,48.18528241618962,46.39493956677977,49.599889124760324,56.532953080850916,42.09243396573845,39.501325826114694,67.46796920821114,51.76428660372998
Ronald Holland II,52.98199708,44.13220403,82.9807054,58.6707452,44.2760969,49.98356743,52.21846774,62.28972131
Orlando Robinson,52.77180538181791,49.752320895049245,52.94568350473435,60.750962258766,57.972464048326145,43.7715798763902,76.61373411534704,58.14856583731727
Nigel Hayes-Davis,44.56201732091733,41.03112534417452,55.73781722340629,57.29998755242551,42.61897674056325,39.4068196405492,62.278489736070384,53.001359568733754
Nikola Vučević,64.57755503857383,56.229106446702644,55.65203547071454,62.882303642037655,87.03554767217067,73.52132427638637,83.50722531769307,72.61387692323301
Xavier Tillman,47.65396157294746,45.11276541875988,66.07565040209451,66.07828112062779,56.00308106187079,43.46148097657985,72.43891286133221,60.20027925531625
Nique Clifford,55.22832368263556,51.32882794177795,53.63725316004826,59.765384571184384,45.16813939161439,43.95827663896954,71.78304985337243,56.25988744049036
Noa Essengue,38.22538812026254,,56.68498183868108,54.307659451257834,40.22585709101291,33.76570823968002,29.582111436950147,41.705295312357165
Noah Clowney,66.58266292039113,41.07893327289973,50.94429867001169,64.36419710736229,46.72647886913338,53.96350558466237,78.75114369501466,59.969143388194816
Zaccharie Risacher,63.06510054064004,42.77590667932555,59.14918400578649,61.37324238843204,40.499899841325664,58.840561716369,76.7866788856305,60.08919251918232
Russell Westbrook,58.07764819146883,87.53677963539658,66.28964167420673,57.24655010187117,63.3836723287038,68.31869268996404,76.9086112274822,64.51365609031515
Ryan Dunn,58.781753991628406,44.09244000479188,67.3619949134758,63.95790616342077,52.99916193271809,48.724328983819035,74.4149633431085,60.60548161024391
Ryan Kalkbrenner,44.678257670582894,36.19683017564313,59.88185655219645,81.50826198290368,62.819789771881716,54.08882647088086,94.8117302052786,65.50161388662349
Ryan Nembhard,69.63897557298796,79.7605578662258,50.971254953334295,54.66195196062468,40.35435471339227,54.60989315070918,83.35359237536657,61.12024036101359
Saddiq Bey,70.08669411114982,46.227010617463534,56.631790482365595,52.84582202976498,52.55006975781053,63.143927058404955,79.8191945259042,65.90152392202788
Sam Hauser,77.73618517031319,44.6646581378099,51.81243168852637,57.01871435308723,41.342355345272566,48.367790720425525,77.4467624633431,64.07398852480658
Sam Merrill,76.66407695445557,52.688137217221936,53.04233554115266,54.1453791907838,33.95984197961773,50.68169192945499,80.36229423264906,60.812558623704085
Ajay Mitchell,59.19560515198624,56.9460262344877,68.65948548688755,57.849674413945735,39.44924695234967,57.96046307539968,82.29138563049852,63.52913887349777
Clint Capela,36.261104700007415,38.409830966679614,54.240826094553114,78.21051787784839,100.0,57.639405567543434,82.79765249266862,69.22734042219989
Jaden Hardy,69.92786581260712,46.96753767674415,49.91232002470666,53.33614713935113,34.089647588621716,55.40193287301219,77.51880498533725,55.63924983976157
Javonte Cooke,51.66059444301364,49.31162424584696,51.299551332220695,53.88885217097671,40.4920976302184,41.39719046125268,49.855571847507335,48.99741213515175
Karl-Anthony Towns,69.97874296099539,56.368668168656875,56.368606176668,65.07934976490661,83.20600448961741,86.60531153976268,86.99569941348975,76.21703900741339
Mitchell Robinson,37.270912164499535,35.90626545327941,64.71111049254836,81.5222573636477,89.47627036855947,45.93139745776623,82.09401466275659,68.3864203726792
Tyler Kolek,55.23387656592374,66.83620961512818,56.069565377921606,57.630459332021935,36.458689784759585,42.98820620068186,73.49387829912023,56.45176834979254
Adem Bona,46.01294759750109,34.51550142837258,53.38783701522085,85.24067627428096,57.68130946859463,43.89205538817747,82.49772727272727,59.65738003031805
Adou Thiero,46.96068192896328,37.75328199671574,53.80891991836977,55.969025845645334,42.33636519127455,41.024203631496405,82.98483870967742,53.73574228690839
Cade Cunningham,63.511152621722836,85.54975315551059,61.1697064057457,61.582582377991415,49.65267736343077,84.29774594934509,81.67335483870968,67.97212787663625
Hunter Sallis,45.90500310645954,50.78722153425494,47.27451507760285,59.6220481153141,40.172951459543796,40.04737665353754,72.89706744868035,48.81528606419417
Jabari Smith Jr.,64.71687871487877,40.483351059061235,50.87923506173142,64.85367799402411,63.22035909550952,60.44985884698848,79.09011363636364,66.84305191398845
Jordan Goodwin,54.209061276223665,54.26632821766951,66.06269107454986,58.219154937079,52.30488349331441,44.79180195971662,68.12665940511101,57.39811496099351
Luke Travers,41.667276269569186,47.16855013877112,54.0445033868762,61.06858118261504,46.26452450437649,39.659093710496975,69.30789589442816,52.9287981272677
Thanasis Antetokounmpo,42.20614534581853,41.459243899866046,57.0499188794255,65.98933916444113,45.10447068241393,40.81470677465859,76.05796700879765,56.44378122300221
OG Anunoby,70.55778306299396,45.00708679634389,73.85017258595164,62.832843848614814,45.78253710060814,66.12418790645054,80.80510578131548,68.71100793754522
Obi Toppin,60.96599761466477,44.2602479532734,53.49093191988605,58.52635364033777,52.08539979412885,56.948696441530885,82.9630723362659,64.31270374164644
Yang Hansen,45.223981573571095,47.30971186293237,48.2391235963303,65.18581811884934,44.55174700595331,42.45332405748731,70.5082697947214,51.69795944301421
Yanic Konan Niederhäuser,46.80072991507702,43.377201332647914,47.9951560531103,63.29290232174037,44.74702583544896,46.1558981704072,86.77636363636364,56.24837770356759
Paul Reed,48.32758150090862,43.863255397251685,73.27672901637055,77.4429107126684,71.78059576085815,48.13681121328056,83.15915004887586,63.23191596206388
Vít Krejčí,66.91743647949698,51.702793491430555,54.868421948016895,58.08714605151161,36.37264814465628,45.07372278647636,77.52192082111436,59.99949010567553
Walker Kessler,53.14872025214118,42.726871156902995,57.024185402087895,95.14727984681397,92.85190562477541,56.60474813475195,87.13777859237537,70.05524491300862
Walter Clayton Jr.,58.04221300276494,66.29708149546934,55.25580720232169,58.22213180328512,42.923911573213935,48.729068744247485,80.89350439882698,57.380145789589015
Wendell Carter Jr.,57.17025136736406,47.38684998581216,53.044986309495485,63.86317596666565,77.31283903077221,59.8799734399341,81.86003812316714,68.5939702117699
Wendell Moore Jr.,45.131319670516135,47.28488974153471,60.30882151461815,59.681201907201725,38.801222881167874,38.74683420770674,69.8901380742913,56.49073744638361
Deni Avdija,62.08867944288902,58.14105661440176,56.44848732914089,60.04974634194321,59.98632361244651,63.675722416212714,80.10209921798631,67.21072507905961
Dennis Schröder,61.27701671069584,75.0153478988906,57.106820717401625,53.35536508493571,33.461310598692904,61.61894453869061,78.7043169599218,63.264495503682916
Dereck Lively II,39.73476219057175,48.761896879193095,58.42688258447709,85.5868505902038,73.49807936263252,49.537067890947455,87.30819648093845,66.38655261256054
Derik Queen,45.2789028003208,60.79714826019367,63.53791020871298,65.24537779193375,60.67223722843674,60.63011181664375,81.15784457478006,61.287776724292314
Jase Richardson,62.226466192106145,57.57158800087526,52.98683162140256,56.84182923765698,41.65518781996117,45.59727645362342,84.08799120234605,57.68589403141429
Kobe Sanders,60.515793308271384,44.84620851271622,55.87568847697078,55.856412222543206,40.85319384495225,48.796607045425695,78.48722873900293,56.61006025559037
Shai Gilgeous-Alexander,64.91372389243115,77.04009064409681,72.32676300943402,67.08116805655149,44.33070573359015,100.0,90.72518230694038,88.427127463245
Tristan da Silva,64.3738503485842,44.17227270180022,56.01431554664394,57.23712327360427,45.11026792624027,51.93915293458679,79.245073313783,62.53594743221994
Will Richard,64.77629586977974,45.37424323932826,66.05206909201087,56.158723868135965,44.10297203116775,51.95901752985083,83.59142228739003,62.31756975192699
Will Riley,54.871973823096106,46.522424462714945,50.729671560811774,53.114506941074204,44.796010142829246,45.69885076644865,75.96932551319648,52.962761144360975
Jayson Tatum,79.74442492850703,60.28745682460105,60.75041967281373,60.382327001367514,65.16529618940399,93.53223938182941,85.05311950146627,84.89645159717901
Damian Lillard,79.38053315668213,72.5268962844499,60.64841749048422,53.060101512399946,40.79483004867197,89.11891830950033,86.38697336265885,76.84435713191083
Kyrie Irving,76.80936428566967,59.201175616911364,65.02907654969138,58.49423157202669,43.28084841785954,87.95281938785331,87.52186217008799,75.09698242727033
Dejounte Murray,64.8784695060198,73.86703166166588,77.62585765899678,57.19104823431941,51.02721908538273,74.03214638966509,80.62593352883675,72.49704077456057
Zach Collins,58.29804641543771,52.92337064392467,50.55453851545626,65.1093930149814,68.72956217852672,55.06340204763514,82.14545328864682,62.07660053337538
Zach Edey,51.782280041283066,38.12218328733155,55.37542356153023,84.75426535194771,92.51508210126383,60.19352064789172,87.93109970674486,66.38561184707035
Pete Nance,69.1098821264912,46.55551246810751,49.133176806396435,56.51244206898741,41.373397430895125,43.392637771545324,65.48710752688173,54.58719710774116
Ariel Hukporti,42.977994333850816,40.25076566981587,48.26371869706634,69.93053411447363,50.272853124529504,38.170067921917735,72.38185483870967,54.61007998659575
Elijah Harkless,55.2469199630288,46.63866020927364,64.88045664016462,58.34386214170763,42.292966676730366,41.92130633243082,69.74804985337244,56.64273307146129
Harrison Barnes,68.50705509212443,46.17328475347442,53.02487181993609,52.71519400140813,43.51547832371245,63.0223573473467,82.86427272727272,69.14032656724416
